,community_id,community_name,total_pop,pop_18_34,pct_18_34,asian_pop,pct_asian,total_households,high_income_households,high_income_share,crime_count,violent_crime_count,total_cta_rides,avg_cta_rides,num_cta_stations,num_divvy_stations,total_docks,avg_docks_per_station,pct_18_34_z,pct_asian_z,high_income_share_z,total_cta_rides_z,num_divvy_stations_z,crime_count_z,final_score,competition_score_x,final_score_adj,competition_score_y,num_competitors,final_score_white_space
0,1,ROGERS PARK,53169,16536,0.3110082943068329,2750,0.05172186800579285,9763,5262,0.5389736761241422,3450,1092,2983425.0,2239.8085585585586,4.0,17.0,255.0,15.0,0.5458581671093278,-0.12775071849208713,0.052723157002921434,0.5922825750336714,0.15153621233712067,0.26856514925762803,0.9460842437333263,,0.9460842437333263,,2.0,-0.053915756266673664
1,2,WEST RIDGE,79220,16113,0.2033956071699066,16696,0.21075485988386772,18028,9332,0.5176392278677613,3004,891,0.0,0.0,0.0,21.0,267.0,12.714285714285714,-0.7553183515241124,1.430902836322193,-0.058410814067346814,-0.41241506232320246,0.41977272612926525,0.07348362390110995,0.5510477106356865,,0.5510477106356865,,1.0,0.05104771063568647
2,3,UPTOWN,52674,18767,0.3562858336181038,5033,0.09554998671071116,9158,5619,0.6135619130814588,3863,1206,2453721.0,2456.1771771771773,3.0,19.0,353.0,18.57894736842105,1.0933221561682196,0.30180073629420195,0.44126317775164264,0.41389955642301907,0.28565446923319293,0.4492123913478566,2.0867277045224197,,2.0867277045224197,,6.0,-0.9132722954775803
3,4,LINCOLN SQUARE,42180,12761,0.30253674727358937,4345,0.1030109056424846,9343,6572,0.7034143208819437,1753,429,1753031.0,1316.0893393393394,4.0,19.0,308.0,16.210526315789473,0.4434262107162154,0.37492385167962694,0.9093162892778076,0.17793532487049538,0.28565446923319293,-0.4737069326482266,2.664963078425565,,2.664963078425565,,2.0,1.664963078425565
4,5,NORTH CENTER,35782,8693,0.24294337935274718,2264,0.06327203621932816,8598,7594,0.8832286578274017,1105,222,843933.0,1267.1666666666667,2.0,17.0,345.0,20.294117647058822,-0.27713465499490125,-0.014549611400221775,1.8459930235420363,-0.1282123452488672,0.15153621233712067,-0.757143767695365,2.3347763919305318,,2.3347763919305318,,3.0,0.8347763919305318
5,6,LAKE VIEW,90652,43334,0.4780258571239465,6386,0.07044521907955699,14856,12708,0.8554119547657512,5511,1218,7399050.0,3174.195624195624,7.0,61.0,2403.0,39.39344262295082,2.5653164365650176,0.055753454852850076,1.701092127293214,2.079287612852268,3.102137864050711,1.1700517496158875,8.333535745998173,11.97057142857143,-3.6370356825732575,,7.0,-7.1370356825732575
6,7,LINCOLN PARK,62067,27981,0.4508192759437382,4319,0.06958609244848309,11152,10116,0.9071018651362984,3566,582,3084076.0,4630.744744744745,2.0,48.0,892.0,18.583333333333332,2.2363536950349427,0.047333310317145286,1.970351727293746,0.6261777867107227,2.2303691942262414,0.31930384195125155,6.791281871631547,,6.791281871631547,19.5676,6.0,3.791281871631547
7,8,NEAR NORTH SIDE,91635,41422,0.45203252032520325,12354,0.13481748240301195,16007,13611,0.8503154869744487,10190,2403,9878024.0,4237.676533676534,7.0,61.0,1336.0,21.901639344262296,2.2510233881959136,0.6866543507969234,1.6745439505007929,2.9141064270906414,3.102137864050711,3.216658155766444,7.4118078248685375,19.3054,-11.893592175131461,,7.0,-15.393592175131461
8,9,EDISON PARK,11398,2397,0.21030005264081417,178,0.015616774872784699,2938,2523,0.8587474472430224,247,60,0.0,0.0,0.0,0.0,0.0,0.0,-0.6718346791063907,-0.4816101981767061,1.7184671500741897,-0.41241506232320246,-0.9884689712794937,-1.1324351326188908,0.2965733718072876,,0.2965733718072876,,0.0,0.2965733718072876
9,10,NORWOOD PARK,40074,6520,0.1626990068373509,2809,0.0700953236512452,10605,7722,0.7281471004243282,1016,230,434049.0,1303.4504504504505,1.0,3.0,33.0,11.0,-1.2473928656894673,0.05232419312098533,1.0381526188195662,-0.2662448033768191,-0.7872915859353853,-0.7960725922620244,-0.4143798507990959,,-0.4143798507990959,,0.0,-0.4143798507990959
10,11,JEFFERSON PARK,26991,5861,0.21714645622614945,3399,0.1259308658441703,6795,4709,0.6930095658572479,817,251,1287180.0,3865.4054054054054,1.0,6.0,91.0,15.166666666666666,-0.5890528081268932,0.5995582311418949,0.8551165401203893,0.021055430433619293,-0.5861142005912768,-0.8831156943829821,1.1836788873607156,,1.1836788873607156,,0.0,1.1836788873607156
11,12,FOREST GLEN,19763,2838,0.14360167990689673,2190,0.11081313565754188,5246,4392,0.8372093023255814,386,77,0.0,0.0,0.0,4.0,62.0,15.5,-1.4783042389827958,0.451392095185799,1.6062720960752548,-0.41241506232320246,-0.7202324574873492,-1.0716361818911868,0.5183486143588931,,0.5183486143588931,,0.0,0.5183486143588931
12,13,NORTH PARK,19259,4303,0.22342800768471882,6058,0.3145542343839244,4304,2495,0.5796933085501859,919,233,0.0,0.0,0.0,11.0,153.0,13.909090909090908,-0.5131007296505118,2.4482217092265572,0.2648371239378023,-0.41241506232320246,-0.2508185583510962,-0.838500637014451,2.375225119854,,2.375225119854,,3.0,0.875225119854
13,14,ALBANY PARK,47830,13989,0.2924733430901108,7124,0.14894417729458498,10671,5685,0.5327523193702558,2156,649,1425716.0,1427.143143143143,3.0,8.0,107.0,13.375,0.32174664328381125,0.8251075292883898,0.02031528438322837,0.06770878752785557,-0.4519959436952046,-0.29743371579020694,1.0803160165782872,,1.0803160165782872,,1.0,0.5803160165782872
14,15,PORTAGE PARK,64201,14524,0.22622700580987834,3935,0.06129188018878211,15314,9996,0.6527360585085543,2776,699,0.0,0.0,0.0,19.0,271.0,14.263157894736842,-0.4792572235263452,-0.033956762077885894,0.6453264978937613,-0.41241506232320246,0.28565446923319293,-0.02624415139325355,0.031596070592774264,,0.031596070592774264,,2.0,-0.9684039294072257
15,16,IRVING PARK,53535,13173,0.2460633230596806,5083,0.09494723078359951,12614,8030,0.6365942603456477,2128,574,1753278.0,1755.033033033033,3.0,19.0,261.0,13.736842105263158,-0.23941050184040844,0.2958932346029918,0.5612417299869072,0.17801850454366536,0.28565446923319293,-0.30968098644039194,1.3910784229667408,,1.3910784229667408,,0.0,1.3910784229667408
16,17,DUNNING,42548,8659,0.20351132838206262,2450,0.05758202500705086,11080,7469,0.6740974729241878,1286,358,0.0,0.0,0.0,16.0,231.0,14.4375,-0.7539191324545836,-0.07031638091272951,0.7566009392647488,-0.41241506232320246,0.08447708388908452,-0.6779739109923835,0.2824013584557012,,0.2824013584557012,,2.0,-0.7175986415442988
17,18,MONTCLARE,13755,2669,0.1940385314431116,446,0.03242457288258815,3202,1916,0.5983760149906309,604,159,0.0,0.0,0.0,3.0,42.0,14.0,-0.8684574947116519,-0.31688001353259604,0.36215782012434367,-0.41241506232320246,-0.7872915859353853,-0.9762824318290322,-1.0466039045494597,,-1.0466039045494597,,0.0,-1.0466039045494597
18,19,BELMONT CRAGIN,73988,17559,0.23732226847596907,1939,0.026206952478780344,16346,7887,0.48250336473755046,3613,1155,0.0,0.0,0.0,25.0,359.0,14.36,-0.3451011529617469,-0.37781778518887404,-0.24143818603014797,-0.41241506232320246,0.6880092399214098,0.3398617605426335,-1.028624707125195,,-1.028624707125195,,1.0,-1.528624707125195
19,20,HERMOSA,23200,6120,0.2637931034482759,702,0.030258620689655173,5214,2418,0.46375143843498273,1054,351,0.0,0.0,0.0,7.0,101.0,14.428571428571429,-0.02503453432261791,-0.3381081187528072,-0.3391194576607875,-0.41241506232320246,-0.5190550721432408,-0.7794512963796305,-0.8542809488230254,,-0.8542809488230254,,0.0,-0.8542809488230254
20,21,AVONDALE,36350,12789,0.35182943603851446,1750,0.048143053645116916,7771,4785,0.615750868614078,1981,459,972947.0,2921.7627627627626,1.0,12.0,155.0,12.916666666666666,1.03943854780819,-0.16282602996937168,0.452665737495059,-0.08476561506930522,-0.18375942990306005,-0.3739791573538631,1.4347323677153752,,1.4347323677153752,,0.0,1.4347323677153752
21,22,LOGAN SQUARE,71354,28721,0.4025142248507442,3344,0.04686492698377106,13825,9716,0.7027848101265822,4136,879,3283650.0,3286.936936936937,3.0,38.0,590.0,15.526315789473685,1.6522831743014736,-0.17535271792690532,0.9060370842459251,0.6933862891124458,1.5597779097458797,0.5686232801871604,4.067508459291658,,4.067508459291658,,4.0,2.067508459291658
22,23,HUMBOLDT PARK,55015,14572,0.26487321639552847,1335,0.024266109242933747,11956,4101,0.3430076948812312,5712,1770,0.0,0.0,0.0,14.0,185.0,13.214285714285714,-0.011974572325304716,-0.3968396382846693,-0.9680896349891437,-0.41241506232320246,-0.049641173006987754,1.257969656783287,-3.096929737712595,,-3.096929737712595,,0.0,-3.096929737712595
23,24,WEST TOWN,86453,39534,0.4572889315581877,5138,0.059431135992967274,16531,13169,0.7966245236222854,6335,1302,3849236.0,2889.8168168168168,4.0,56.0,969.0,17.303571428571427,2.3145801959535133,-0.0521935789871116,1.3948606000710706,0.8838529232400424,2.7668422218105304,1.530471428749903,5.777470933338142,,5.777470933338142,19.2858,8.0,1.777470933338142
24,25,AUSTIN,100278,22567,0.22504437663296037,678,0.00676120385328786,21962,7772,0.353883981422457,10925,4007,1130627.0,679.0552552552552,5.0,33.0,409.0,12.393939393939394,-0.4935567392823125,-0.5684020461225159,-0.9114336156115148,-0.031665328164679866,1.224482267505699,3.5381490103338,-4.318724472009124,,-4.318724472009124,,0.0,-4.318724472009124
25,26,WEST GARFIELD PARK,16345,4185,0.2560416029366779,12,0.0007341694707861732,3456,778,0.22511574074074073,3095,1225,433466.0,650.8498498498499,2.0,5.0,55.0,11.0,-0.11876019732955423,-0.6274719186963541,-1.582204462962165,-0.2664411343462851,-0.653173329039313,0.11328725351421116,-3.3613382958878826,,-3.3613382958878826,,0.0,-3.3613382958878826
26,27,EAST GARFIELD PARK,19855,5039,0.2537899773356837,35,0.0017627801561319568,4195,1203,0.2867699642431466,3484,1271,799328.0,600.0960960960961,4.0,14.0,179.0,12.785714285714286,-0.14598526194521338,-0.61739069163585,-1.2610394340504414,-0.1432335165919723,-0.049641173006987754,0.28343683504713835,-2.500726912277603,,-2.500726912277603,,0.0,-2.500726912277603
27,28,NEAR WEST SIDE,65370,29727,0.45474988526847177,11600,0.17745143031971852,11948,8142,0.6814529628389688,9542,2526,5372605.0,1613.3948948948948,10.0,74.0,1386.0,18.72972972972973,2.2838798436084593,1.1045019539350678,0.794916661966996,1.3968623788565582,3.973906533875181,2.9332213207193054,6.620846051522957,,6.620846051522957,19.4672,8.0,2.620846051522957
28,29,NORTH LAWNDALE,30355,7644,0.2518201284796574,59,0.00194366661176083,6548,2067,0.315668906536347,5950,2150,743238.0,557.9864864864865,4.0,19.0,255.0,13.421052631578947,-0.16980328140844875,-0.6156178562401615,-1.1105010100809667,-0.1621223743575763,0.28565446923319293,1.3620714573098593,-3.1344615101638196,,-3.1344615101638196,,0.0,-3.1344615101638196
29,30,SOUTH LAWNDALE,69554,21199,0.3047847715444115,606,0.00871265491560514,13511,4039,0.2989416031381837,3408,1312,294954.0,885.7477477477478,1.0,20.0,248.0,12.4,0.47060773059397837,-0.5492762276404058,-1.1976357524279635,-0.31308640920507164,0.3527135976812291,0.2501942432823505,-1.486871304280584,,-1.486871304280584,,0.0,-1.486871304280584
30,31,LOWER WEST SIDE,34177,12055,0.35272259121631505,1430,0.04184100418410042,7215,3513,0.48690228690228693,2455,842,1274841.0,957.0878378378378,4.0,15.0,202.0,13.466666666666667,1.0502379486573787,-0.22459127552646665,-0.21852361693882075,0.01690015113303474,0.017417955441048384,-0.16665036134716005,0.8080915241133346,,0.8080915241133346,,2.0,-0.19190847588666538
31,32,LOOP,38284,20579,0.5375352627729599,8849,0.23114094660954967,6882,5899,0.8571636152281313,7938,1770,22633858.0,4248.096471471472,16.0,58.0,1598.0,27.551724137931036,3.2848620898559138,1.6307031806941146,1.7102167590067558,7.209758666485459,2.900960478706603,2.231627673472994,14.504873501275851,18.892599999999998,-4.387726498724147,,10.0,-9.387726498724147
32,33,NEAR SOUTH SIDE,26307,8693,0.33044436841905195,3830,0.14558862660128483,5715,4853,0.8491688538932634,2231,589,2523077.0,3788.403903903904,2.0,15.0,383.0,25.533333333333335,0.7808654317923481,0.792220384585223,1.6685709866752787,0.4372558698334528,0.017417955441048384,-0.26462852654864,3.960959154875991,,3.960959154875991,,0.0,3.960959154875991
33,34,ARMOUR SQUARE,13149,2840,0.21598600654042133,8402,0.638983953152331,3103,1234,0.39767966484047695,1060,339,1825520.0,2741.021021021021,2.0,9.0,124.0,13.777777777777779,-0.603084145158778,5.627898633329555,-0.6832960910085458,0.20234670676692731,-0.38493681524716844,-0.7768268812403052,4.935755169922295,,4.935755169922295,,20.0,-5.064244830077705
34,35,DOUGLAS,18629,6604,0.35450104675505933,2006,0.10768157174298137,2954,1168,0.3953960731211916,2642,790,277499.0,833.3303303303303,1.0,12.0,189.0,15.75,1.0717417754645582,0.4207002043402821,-0.6951916232021874,-0.31896455169568705,-0.18375942990306005,-0.08485608950485315,0.3793824645087589,,0.3793824645087589,,0.0,0.3793824645087589
35,36,OAKLAND,4373,851,0.1946032471987194,51,0.011662474273953807,1040,307,0.2951923076923077,731,218,0.0,0.0,0.0,0.0,0.0,0.0,-0.8616293511121497,-0.5203655822790014,-1.2171663297650759,-0.41241506232320246,-0.9884689712794937,-0.9207323113799788,-3.0793129853789445,,-3.0793129853789445,,0.0,-3.0793129853789445
36,37,FULLER PARK,2186,420,0.19213174748398903,7,0.003202195791399817,430,95,0.22093023255813954,629,248,903157.0,1356.0915915915916,2.0,3.0,33.0,11.0,-0.8915129780354748,-0.6032832396520155,-1.6040073303103022,-0.10826808223745464,-0.7872915859353853,-0.9653473687485098,-3.029015847422122,,-3.029015847422122,,0.0,-3.029015847422122
37,38,GRAND BOULEVARD,24808,6362,0.25644953240890034,204,0.008223153821347952,5206,2698,0.5182481751824818,3090,949,578593.0,434.3791291291291,4.0,10.0,134.0,13.4,-0.11382780260327982,-0.5540737392236273,-0.05523872672558841,-0.2175681933416709,-0.3178776867991323,0.1111002408981067,-1.3696863895914055,,-1.3696863895914055,,0.0,-1.3696863895914055
38,39,KENWOOD,14368,3138,0.218402004454343,697,0.04851057906458797,2876,1900,0.6606397774687065,1874,515,0.0,0.0,0.0,6.0,90.0,15.0,-0.5738716067648405,-0.1592239798866923,0.6864980184181965,-0.41241506232320246,-0.5861142005912768,-0.42078122733849865,-0.624345603809317,,-0.624345603809317,,0.0,-0.624345603809317
39,40,WASHINGTON PARK,12362,3152,0.2549749231515936,0,0.0,2717,584,0.21494295178505704,2243,864,199741.0,599.8228228228228,1.0,5.0,59.0,11.8,-0.13165773502867917,-0.6346673807320196,-1.635195870094841,-0.34515032103314175,-0.653173329039313,-0.2593796962699893,-3.1404649396580053,,-3.1404649396580053,,0.0,-3.1404649396580053
40,41,HYDE PARK,24092,11272,0.4678731529138303,3763,0.15619292711273453,3674,2809,0.7645617855198693,2317,469,0.0,0.0,0.0,19.0,337.0,17.736842105263158,2.4425571163556348,0.8961512136119556,1.2278415440407946,-0.41241506232320246,0.28565446923319293,-0.22701190955164324,4.666801190470018,,4.666801190470018,,1.0,4.166801190470018
41,42,WOODLAWN,24437,7526,0.3079756107541842,867,0.03547898678233826,4608,1724,0.3741319444444444,3380,1166,247625.0,371.8093093093093,2.0,13.0,167.0,12.846153846153847,0.5091891020377405,-0.28694425601148005,-0.8059592902539608,-0.32902491427171937,-0.1167003014550239,0.23794697263216555,-1.2673866325866092,,-1.2673866325866092,,0.0,-1.2673866325866092
42,43,SOUTH SHORE,46276,11202,0.24206932319128707,160,0.003457515774915723,9423,3361,0.3566804626976547,7464,2871,0.0,0.0,0.0,11.0,129.0,11.727272727272727,-0.28770312404364523,-0.6007808947283453,-0.8968663736842052,-0.41241506232320246,-0.2508185583510962,2.0242988774662907,-4.472882890596785,,-4.472882890596785,,0.0,-4.472882890596785
43,44,CHATHAM,31440,7758,0.2467557251908397,111,0.003530534351145038,6544,2647,0.4044926650366748,4928,1701,1331129.0,1998.6921921921921,2.0,13.0,163.0,12.538461538461538,-0.2310384648763132,-0.6000652528853335,-0.647806269213903,0.03585568734109887,-0.1167003014550239,0.9150460785781072,-2.474800679667582,,-2.474800679667582,,0.0,-2.474800679667582
44,45,AVALON PARK,9492,1577,0.16613990729034978,65,0.0068478718921196795,2413,1148,0.4757563199336925,953,317,0.0,0.0,0.0,5.0,55.0,11.0,-1.2057879305139287,-0.5675526283682578,-0.2765844374368367,-0.41241506232320246,-0.653173329039313,-0.8236289512249406,-2.2918844364565976,,-2.2918844364565976,,0.0,-2.2918844364565976
45,46,SOUTH CHICAGO,29072,6761,0.23256053935057788,125,0.004299669785360484,6339,2350,0.3707209339012463,3446,1204,0.0,0.0,0.0,10.0,137.0,13.7,-0.4026766144700017,-0.5925270957739297,-0.8237276966581333,-0.41241506232320246,-0.3178776867991323,0.26681553916474443,-2.8160396951891435,,-2.8160396951891435,,0.0,-2.8160396951891435
46,47,BURNSIDE,2229,291,0.13055181695827725,0,0.0,440,232,0.5272727272727272,234,82,0.0,0.0,0.0,1.0,15.0,15.0,-1.636093954042347,-0.6346673807320196,-0.008228637743348121,-0.41241506232320246,-0.9214098428314575,-1.1381213654207625,-2.4746935122516125,,-2.4746935122516125,,0.0,-2.4746935122516125
47,48,CALUMET HEIGHTS,12078,2252,0.186454711044875,17,0.001407517800960424,2901,1809,0.6235780765253361,1220,362,0.0,0.0,0.0,3.0,45.0,15.0,-0.9601556883564484,-0.6208725536459941,0.49343870181629795,-0.41241506232320246,-0.7872915859353853,-0.7068424775249623,-1.58045371091977,,-1.58045371091977,,0.0,-1.58045371091977
48,49,ROSELAND,37660,8494,0.22554434413170474,85,0.002257036643653744,8504,3404,0.4002822201317027,4892,1672,1228741.0,3689.912912912913,1.0,18.0,266.0,14.777777777777779,-0.48751148582053144,-0.6125465733043753,-0.6697390352568297,0.001375523873374491,0.2185953407851568,0.8992995877421551,-2.44912581746536,,-2.44912581746536,,0.0,-2.44912581746536
49,50,PULLMAN,6851,1422,0.20756094000875785,5,0.0007298204641658152,1645,704,0.4279635258358663,1000,328,0.0,0.0,0.0,5.0,73.0,14.6,-0.7049540921937062,-0.6275145425226979,-0.5255434418041763,-0.41241506232320246,-0.653173329039313,-0.8030710326335587,-2.120529435249537,,-2.120529435249537,,0.0,-2.120529435249537
50,51,SOUTH DEERING,15100,3621,0.23980132450331126,1,6.622516556291391e-05,3340,1126,0.33712574850299404,1712,557,0.0,0.0,0.0,8.0,112.0,14.0,-0.3151261604494794,-0.6340183198767605,-0.9987294739378902,-0.41241506232320246,-0.4519959436952046,-0.49164043610028324,-2.320644524182254,,-2.320644524182254,,0.0,-2.320644524182254
51,52,EAST SIDE,23629,5585,0.2363620974226586,146,0.006178848025731093,5612,2438,0.4344262295081967,1295,414,0.0,0.0,0.0,8.0,115.0,14.375,-0.35671086238986904,-0.5741096101321527,-0.49187836107064137,-0.41241506232320246,-0.4519959436952046,-0.6740372882833954,-1.6130725513276751,,-1.6130725513276751,,0.0,-1.6130725513276751
52,53,WEST PULLMAN,25159,5634,0.22393576851226202,0,0.0,5857,2431,0.41505890387570427,3022,980,0.0,0.0,0.0,11.0,161.0,14.636363636363637,-0.5069612447676519,-0.6346673807320196,-0.5927653294461246,-0.41241506232320246,-0.2508185583510962,0.08135686931908602,-2.4789844449391807,,-2.4789844449391807,,0.0,-2.4789844449391807
53,54,RIVERDALE,7740,2345,0.3029715762273902,0,0.0,1865,211,0.1131367292225201,998,455,0.0,0.0,0.0,4.0,54.0,13.5,0.4486838549527881,-0.6346673807320196,-2.1655179884394933,-0.41241506232320246,-0.7202324574873492,-0.8039458376800005,-2.6802031963492756,,-2.6802031963492756,,0.0,-2.6802031963492756
54,55,HEGEWISCH,8895,2011,0.22608206857785274,59,0.006632939853850478,2136,1152,0.5393258426966292,711,183,0.0,0.0,0.0,6.0,91.0,15.166666666666666,-0.4810097020491376,-0.5696591383542399,0.05455763939535852,-0.41241506232320246,-0.5861142005912768,-0.9294803618443966,-1.0651601020781016,,-1.0651601020781016,,0.0,-1.0651601020781016
55,56,GARFIELD RIDGE,36265,7016,0.19346477319729766,595,0.016407003998345514,8908,5943,0.6671531207903009,1878,459,1403940.0,4216.036036036036,1.0,6.0,91.0,15.166666666666666,-0.8753949737086728,-0.47386530561618984,0.7204268878023061,0.060375505896481135,-0.5861142005912768,-0.41903161724561505,-0.7355404689717373,,-0.7355404689717373,,0.0,-0.7355404689717373
56,57,ARCHER HEIGHTS,13875,3711,0.2674594594594595,679,0.04893693693693694,2950,1534,0.52,1016,224,0.0,0.0,0.0,9.0,117.0,13.0,0.019296450040151264,-0.15504532358706577,-0.046113238864330004,-0.41241506232320246,-0.38493681524716844,-0.7960725922620244,-0.18314139771959104,,-0.18314139771959104,,0.0,-0.18314139771959104
57,58,BRIGHTON PARK,42360,12311,0.2906279508970727,4391,0.10365911237016052,9807,3669,0.3741205261547874,1805,598,608240.0,1826.5465465465466,1.0,14.0,192.0,13.714285714285714,0.29943346578462504,0.3812768084366828,-0.8060187696394676,-0.20758427524260048,-0.049641173006987754,-0.4509620014407402,0.06842805777299216,,0.06842805777299216,,0.0,0.06842805777299216
58,59,MCKINLEY PARK,15400,3865,0.25097402597402596,4282,0.27805194805194805,3618,1818,0.5024875621890548,844,221,480425.0,1442.7177177177177,1.0,8.0,97.0,12.125,-0.18003375461727894,2.0904694109248148,-0.1373378505188343,-0.25062723040948715,-0.4519959436952046,-0.8713058262560179,1.9417804579400277,,1.9417804579400277,,0.0,1.9417804579400277
59,60,BRIDGEPORT,33012,9360,0.2835332606324973,13234,0.40088452683872533,7822,4206,0.5377141396062388,1569,454,453804.0,1362.7747747747749,1.0,14.0,195.0,13.928571428571429,0.21364948784625487,3.2943292724043514,0.046162064198435604,-0.2595921133222727,-0.049641173006987754,-0.5541889969208709,3.7990965350406523,,3.7990965350406523,,4.0,1.7990965350406523
60,61,NEW CITY,40843,9786,0.23960042112479496,991,0.024263643708836276,8902,3062,0.3439676477196136,3297,1282,0.0,0.0,0.0,13.0,135.0,10.384615384615385,-0.31755534204130154,-0.39686380253788595,-0.9630891133122963,-0.41241506232320246,-0.1167003014550239,0.20164256320483145,-2.4082661848745412,,-2.4082661848745412,,1.0,-2.9082661848745412
61,62,WEST ELSDON,18201,4343,0.23861326300752705,688,0.03780012087247953,3985,2009,0.5041405269761606,858,267,838124.0,2516.8888888888887,1.0,4.0,58.0,14.5,-0.32949135996391915,-0.2641952411179353,-0.12872733767018577,-0.13016858298750855,-0.7202324574873492,-0.8651821909309254,-0.7076327882959725,,-0.7076327882959725,,2.0,-1.7076327882959725
62,63,GAGE PARK,34650,9325,0.2691197691197691,264,0.007619047619047619,7486,2859,0.38191290408763023,2041,632,660017.0,1982.033033033033,1.0,10.0,148.0,14.8,0.03937174042767123,-0.5599944747174465,-0.7654272392961347,-0.1901478625392723,-0.3178776867991323,-0.3477350059606096,-1.446340516963705,,-1.446340516963705,,0.0,-1.446340516963705
63,64,CLEARING,24710,5725,0.23168757588021044,178,0.007203561311210037,5948,3590,0.6035642232683255,962,304,0.0,0.0,0.0,0.0,0.0,0.0,-0.41323187147070817,-0.5640665807819806,0.3891838852801365,-0.41241506232320246,-0.9884689712794937,-0.8196923285159526,-1.1693062720592962,,-1.1693062720592962,,0.0,-1.1693062720592962
64,65,WEST LAWN,32451,7781,0.23977689439462574,255,0.007858001294259037,6972,3686,0.5286861732644865,1580,416,0.0,0.0,0.0,10.0,149.0,14.9,-0.31542155204888084,-0.5576525330177661,-0.0008658100728184505,-0.41241506232320246,-0.3178776867991323,-0.549377569165441,-1.0548550750963595,,-1.0548550750963595,,0.0,-1.0548550750963595
65,66,CHICAGO LAWN,52245,14288,0.27348071585797684,272,0.005206239831562829,11518,3760,0.3264455634658795,4357,1611,0.0,0.0,0.0,15.0,207.0,13.8,0.09210122470815353,-0.5836419669178697,-1.0543639745669282,-0.41241506232320246,0.017417955441048384,0.6652892378189775,-2.606191061477776,,-2.606191061477776,,0.0,-2.606191061477776
66,67,WEST ENGLEWOOD,25971,6304,0.24273227831042316,83,0.003195872319125178,5638,1502,0.26640652713728274,3936,1467,165851.0,498.05105105105105,1.0,7.0,77.0,11.0,-0.2796871395265956,-0.6033452148586895,-1.3671152792290224,-0.35656311100775967,-0.5190550721432408,0.4811427755429818,-3.60690859230829,,-3.60690859230829,,0.0,-3.60690859230829
67,68,ENGLEWOOD,21337,5167,0.24216150349158738,167,0.007826779772226648,4545,1026,0.22574257425742575,4585,1795,478821.0,718.9504504504505,2.0,15.0,169.0,11.266666666666667,-0.28658854503421366,-0.5579585295014378,-1.5789392040216947,-0.2511673931453764,0.017417955441048384,0.765017013113341,-3.422252729375015,,-3.422252729375015,,0.0,-3.422252729375015
68,69,GREATER GRAND CROSSING,29052,6121,0.21069117444582128,74,0.0025471568222497592,6657,1919,0.288267988583446,5635,2234,600579.0,1803.5405405405406,1.0,12.0,120.0,10.0,-0.6671055108071805,-0.6097031579705388,-1.2532360265426987,-0.21016419215011148,-0.18375942990306005,1.2242896624952782,-4.148257979868868,,-4.148257979868868,,0.0,-4.148257979868868
69,70,ASHBURN,42842,9867,0.2303113766864292,436,0.01017692918164418,9882,5749,0.5817648249342239,1829,594,0.0,0.0,0.0,13.0,183.0,14.076923076923077,-0.4298718989948974,-0.5349251407179226,0.2756279275774705,-0.41241506232320246,-0.1167003014550239,-0.4404643408834388,-0.777820135030137,,-0.777820135030137,,0.0,-0.777820135030137
70,71,AUBURN GRESHAM,46483,10161,0.21859604586623066,399,0.008583783318632618,10636,4052,0.3809702895825498,5631,2026,0.0,0.0,0.0,11.0,166.0,15.090909090909092,-0.5715253952213125,-0.5505392748255447,-0.7703374432948105,-0.41241506232320246,-0.2508185583510962,1.2225400524023946,-3.7781757864183607,,-3.7781757864183607,,0.0,-3.7781757864183607
71,72,BEVERLY,19811,3476,0.17545807884508607,176,0.008883953359244865,5138,4329,0.8425457376411055,911,234,0.0,0.0,0.0,5.0,75.0,15.0,-1.093119189065315,-0.5475973626139722,1.6340702955340307,-0.41241506232320246,-0.653173329039313,-0.8419998572002182,-0.23023479030755356,,-0.23023479030755356,,0.0,-0.23023479030755356
72,73,WASHINGTON HEIGHTS,26310,5791,0.2201064234131509,24,0.0009122006841505131,6415,3413,0.5320342946219797,2601,758,0.0,0.0,0.0,9.0,129.0,14.333333333333334,-0.5532629779300949,-0.625727067013057,0.016574998220506277,-0.41241506232320246,-0.38493681524716844,-0.10278959295690974,-1.8569773313361069,,-1.8569773313361069,,0.0,-1.8569773313361069
73,74,MOUNT GREENWOOD,19107,3500,0.1831789396556236,202,0.010572041660124562,4419,3702,0.8377460964019009,484,149,0.0,0.0,0.0,4.0,49.0,12.25,-0.9997639996579005,-0.5310527148655115,1.6090683276267568,-0.41241506232320246,-0.7202324574873492,-1.0287707346155393,-0.025625172091667814,,-0.025625172091667814,,0.0,-0.025625172091667814
74,75,MORGAN PARK,21288,3404,0.159902292371289,211,0.009911687335588126,5038,2947,0.5849543469630806,1710,524,0.0,0.0,0.0,8.0,122.0,15.25,-1.281208759422628,-0.5375247280196425,0.292242570929071,-0.41241506232320246,-0.4519959436952046,-0.492515241146725,-1.8983866813848815,,-1.8983866813848815,,0.0,-1.8983866813848815
75,76,OHARE,16281,4768,0.2928567041336527,2237,0.137399422639887,4261,2238,0.5252288195259329,1572,294,3546220.0,5324.654654654654,2.0,1.0,16.0,16.0,0.3263819739431122,0.7119594795063716,-0.018875624329213934,0.7818093125304283,-0.9214098428314575,-0.5528767893512082,1.432742088170449,,1.432742088170449,,0.0,1.432742088170449
76,77,EDGEWATER,47484,15498,0.3263836239575436,5724,0.12054586808188021,8462,5735,0.6777357598676436,2794,785,1863208.0,1398.804804804805,4.0,10.0,170.0,17.0,0.7317657811650721,0.5467808432191721,0.7755532585870176,0.21503851050146258,-0.3178776867991323,-0.018370905975277487,1.9696316126488695,,1.9696316126488695,,3.0,0.46963161264886955
